event_id,timestamp,username,ip_address,success
1003,2025-08-01 02:21:52,charlie,23.14.5.3,1
1008,2025-08-01 02:36:50,ivy,23.14.5.136,0
1004,2025-08-01 05:01:59,alice,185.199.110.77,0
1001,2025-08-01 06:57:18,henry,66.71.192.201,0
1006,2025-08-01 09:27:59,greg,8.8.8.209,0
1002,2025-08-01 10:23:52,diana,8.8.8.101,0
1005,2025-08-01 11:57:21,qiao,8.8.8.237,0
1000,2025-08-01 14:42:07,diana,203.0.113.42,0
1007,2025-08-01 14:50:43,nik,66.71.192.201,0
1009,2025-08-02 03:24:59,frida,172.16.0.15,1
1012,2025-08-02 07:46:34,leo,45.33.32.207,1
1010,2025-08-02 08:25:52,ivy,203.0.113.42,0
1011,2025-08-02 14:59:06,diana,185.199.110.77,0
1015,2025-08-02 17:25:43,charlie,45.33.32.163,1
1013,2025-08-02 17:39:03,ivy,203.0.113.3,1
1014,2025-08-02 21:41:03,ravi,203.0.113.42,0
1022,2025-08-03 02:32:58,tom,8.8.8.6,1
1020,2025-08-03 06:08:23,frida,185.199.110.130,0
1023,2025-08-03 08:27:06,henry,203.0.113.42,1
1024,2025-08-03 11:33:32,ivy,8.8.8.49,1
1019,2025-08-03 12:40:28,mona,172.16.0.16,0
1016,2025-08-03 13:30:47,leo,66.71.192.16,0
1018,2025-08-03 15:44:17,charlie,66.71.192.112,1
1017,2025-08-03 22:59:56,bob,10.0.0.191,1
1021,2025-08-03 23:10:50,ivy,66.71.192.82,1
1027,2025-08-04 02:00:04,mona,185.199.110.219,0
1026,2025-08-04 02:00:34,henry,172.16.0.102,1
1031,2025-08-04 03:29:36,henry,8.8.8.152,1
1030,2025-08-04 06:48:51,olga,185.199.110.77,0
1033,2025-08-04 06:58:50,sara,185.199.110.87,1
1034,2025-08-04 09:44:56,edgar,66.71.192.246,1
1029,2025-08-04 09:59:12,greg,198.51.100.180,0
1035,2025-08-04 11:43:19,bob,102.44.28.31,1
1028,2025-08-04 13:38:26,sara,172.16.0.138,1
1032,2025-08-04 14:42:28,ivy,198.51.100.37,1
1025,2025-08-04 23:36:34,henry,23.14.5.173,1
1037,2025-08-05 00:56:26,tom,203.0.113.42,0
1039,2025-08-05 07:26:08,ivy,23.14.5.63,0
1042,2025-08-05 16:48:57,diana,102.44.28.53,0
1040,2025-08-05 18:41:43,diana,8.8.8.153,1
1038,2025-08-05 19:12:40,tom,8.8.8.4,0
1041,2025-08-05 21:31:31,ivy,172.16.0.217,1
1036,2025-08-05 22:27:24,frida,198.51.100.232,1
1043,2025-08-06 02:48:36,olga,66.71.192.201,0
1047,2025-08-06 05:31:54,leo,8.8.8.69,0
1044,2025-08-06 16:58:48,ivy,102.44.28.3,1
1046,2025-08-06 18:01:52,qiao,102.44.28.173,1
1049,2025-08-06 19:33:05,karen,66.71.192.215,1
1045,2025-08-06 21:22:36,qiao,10.0.0.225,1
1048,2025-08-06 23:58:16,qiao,45.33.32.39,1
1051,2025-08-07 02:19:59,henry,66.71.192.201,0
1054,2025-08-07 07:38:17,edgar,203.0.113.42,1
1050,2025-08-07 08:59:58,leo,10.0.0.71,1
1055,2025-08-07 10:27:56,ravi,66.71.192.201,0
1052,2025-08-07 18:25:02,charlie,203.0.113.42,1
1053,2025-08-07 19:31:06,charlie,8.8.8.53,1
1058,2025-08-08 00:47:11,jose,172.16.0.198,1
1065,2025-08-08 02:15:40,karen,185.199.110.77,0
1063,2025-08-08 02:47:24,charlie,23.14.5.100,1
1066,2025-08-08 03:32:13,ivy,185.199.110.22,0
1056,2025-08-08 09:34:06,tom,185.199.110.253,0
1060,2025-08-08 15:02:19,diana,185.199.110.77,1
1057,2025-08-08 15:56:51,ravi,185.199.110.61,0
1062,2025-08-08 16:07:35,henry,23.14.5.167,1
1064,2025-08-08 17:45:17,henry,185.199.110.77,0
1059,2025-08-08 22:08:40,olga,203.0.113.100,1
1061,2025-08-08 23:32:23,karen,66.71.192.201,1
1071,2025-08-09 00:27:46,olga,23.14.5.193,1
1069,2025-08-09 05:37:44,nik,185.199.110.77,0
1070,2025-08-09 07:26:26,nik,198.51.100.227,1
1074,2025-08-09 13:52:05,henry,66.71.192.201,0
1072,2025-08-09 15:18:03,diana,66.71.192.201,0
1073,2025-08-09 16:16:43,karen,66.71.192.221,1
1067,2025-08-09 16:32:47,ravi,66.71.192.201,0
1068,2025-08-09 18:21:54,sara,203.0.113.23,0
1079,2025-08-10 02:39:45,alice,185.199.110.25,0
1075,2025-08-10 04:23:28,olga,185.199.110.77,0
1080,2025-08-10 14:21:22,frida,203.0.113.195,0
1078,2025-08-10 17:24:41,diana,66.71.192.201,1
1076,2025-08-10 20:30:34,ivy,66.71.192.189,1
1077,2025-08-10 20:31:22,olga,8.8.8.162,1
1081,2025-08-11 01:25:16,greg,23.14.5.105,1
1082,2025-08-11 10:53:47,frida,198.51.100.40,0
1085,2025-08-11 12:19:00,parker,203.0.113.42,0
1084,2025-08-11 12:59:57,jose,8.8.8.136,1
1086,2025-08-11 13:15:13,greg,45.33.32.205,1
1087,2025-08-11 14:27:33,ravi,203.0.113.42,0
1083,2025-08-11 22:25:34,ivy,203.0.113.51,1
1094,2025-08-12 02:54:39,henry,23.14.5.53,0
1097,2025-08-12 04:25:52,ivy,66.71.192.201,0
1091,2025-08-12 04:32:07,charlie,66.71.192.54,0
1098,2025-08-12 08:11:52,karen,203.0.113.42,0
1090,2025-08-12 09:05:14,frida,66.71.192.201,0
1092,2025-08-12 11:04:38,tom,185.199.110.77,0
1093,2025-08-12 12:31:51,mona,66.71.192.201,0
1096,2025-08-12 16:55:18,sara,172.16.0.93,1
1095,2025-08-12 17:59:41,tom,66.71.192.201,0
1088,2025-08-12 18:24:57,bob,203.0.113.42,0
1089,2025-08-12 21:57:57,qiao,8.8.8.87,0
1099,2025-08-13 00:46:33,edgar,10.0.0.97,1
1102,2025-08-13 02:11:25,diana,185.199.110.77,0
1103,2025-08-13 04:21:56,qiao,172.16.0.30,0
1104,2025-08-13 04:46:48,charlie,172.16.0.95,1
1100,2025-08-13 15:24:39,olga,66.71.192.238,0
1101,2025-08-13 15:38:04,alice,45.33.32.23,1
1105,2025-08-13 19:04:11,jose,66.71.192.201,0
1108,2025-08-14 03:33:51,jose,66.71.192.224,0
1107,2025-08-14 04:22:57,alice,8.8.8.11,1
1110,2025-08-14 12:03:15,ravi,203.0.113.42,0
1106,2025-08-14 15:20:38,jose,8.8.8.101,0
1109,2025-08-14 18:57:31,edgar,66.71.192.2,1
1112,2025-08-14 19:23:11,greg,10.0.0.179,1
1111,2025-08-14 22:01:48,tom,203.0.113.42,1
